{
  "project_info": {
    "project_number": "295804112319",
    "firebase_url": "https://repsyche3.firebaseio.com",
    "project_id": "repsyche3",
    "storage_bucket": "repsyche3.appspot.com"
  },
  "client": [
    {
      "client_info": {
        "mobilesdk_app_id": "1:295804112319:android:09f43adb182d2e29",
        "android_client_info": {
          "package_name": "com.example.repsyche3"
        }
      },
      "oauth_client": [
        {
          "client_id": "295804112319-ijaopft7ifo3nad1plr4k0u19rdo0bpp.apps.googleusercontent.com",
          "client_type": 3
        }
      ],
      "api_key": [
        {
          "current_key": "AIzaSyCXL4ZnP8xa8VvepgEtXM_siaHyW_9OB48"
        }
      ],
      "services": {
        "appinvite_service": {
          "other_platform_oauth_client": [
            {
              "client_id": "295804112319-ijaopft7ifo3nad1plr4k0u19rdo0bpp.apps.googleusercontent.com",
              "client_type": 3
            }
          ]
        }
      }
    }
  ],
  "configuration_version": "1"
}